PassengerId,Survived,Pclass,Sex,Age,SibSp,Parch,Fare,Embarked_C,Embarked_Q,Embarked_S,Fare per person,Relatives,Deck
1,0,3,0,22.0,1,0,7.25,0,0,1,3.625,1,4
2,1,1,1,38.0,1,0,71.2833,1,0,0,35.64165,1,1
3,1,3,1,26.0,0,0,7.925,0,0,1,7.925,0,2
4,1,1,1,35.0,1,0,53.1,0,0,1,26.55,1,1
5,0,3,0,35.0,0,0,8.05,0,0,1,8.05,0,2
6,0,3,0,26.0,0,0,8.4583,0,1,0,8.4583,0,2
7,0,1,0,54.0,0,0,51.8625,0,0,1,51.8625,0,2
8,0,3,0,2.0,3,1,21.075,0,0,1,4.215,4,4
9,1,3,1,27.0,0,2,11.1333,0,0,1,3.7111,2,4
10,1,2,1,14.0,1,0,30.0708,1,0,0,15.0354,1,2
11,1,3,1,4.0,1,1,16.7,0,0,1,5.566666666666666,2,4
12,1,1,1,58.0,0,0,26.55,0,0,1,26.55,0,1
13,0,3,0,20.0,0,0,8.05,0,0,1,8.05,0,2
14,0,3,0,39.0,1,5,31.275,0,0,1,4.4678571428571425,6,4
15,0,3,1,14.0,0,0,7.8542,0,0,1,7.8542,0,3
16,1,2,1,55.0,0,0,16.0,0,0,1,16.0,0,2
17,0,3,0,2.0,4,1,29.125,0,1,0,4.854166666666667,5,4
18,1,2,0,31.0,0,0,13.0,0,0,1,13.0,0,2
19,0,3,1,31.0,1,0,18.0,0,0,1,9.0,1,3
20,1,3,1,31.0,0,0,7.225,1,0,0,7.225,0,3
21,0,2,0,35.0,0,0,26.0,0,0,1,26.0,0,2
22,1,2,0,34.0,0,0,13.0,0,0,1,13.0,0,2
23,1,3,1,15.0,0,0,8.0292,0,1,0,8.0292,0,2
24,1,1,0,28.0,0,0,35.5,0,0,1,35.5,0,0
25,0,3,1,8.0,3,1,21.075,0,0,1,4.215,4,4
26,1,3,1,38.0,1,5,31.3875,0,0,1,4.483928571428572,6,4
27,0,3,0,26.0,0,0,7.225,1,0,0,7.225,0,3
28,0,1,0,19.0,3,2,263.0,0,0,1,43.833333333333336,5,1
29,1,3,1,18.0,0,0,7.8792,0,1,0,7.8792,0,3
30,0,3,0,26.0,0,0,7.8958,0,0,1,7.8958,0,3
31,0,1,0,40.0,0,0,27.7208,1,0,0,27.7208,0,1
32,1,1,1,41.5,1,0,146.5208,1,0,0,73.2604,1,1
33,1,3,1,18.0,0,0,7.75,0,1,0,7.75,0,3
34,0,2,0,66.0,0,0,10.5,0,0,1,10.5,0,2
35,0,1,0,28.0,1,0,82.1708,1,0,0,41.0854,1,1
36,0,1,0,42.0,1,0,52.0,0,0,1,26.0,1,1
37,1,3,0,26.0,0,0,7.2292,1,0,0,7.2292,0,3
38,0,3,0,21.0,0,0,8.05,0,0,1,8.05,0,2
39,0,3,1,18.0,2,0,18.0,0,0,1,6.0,2,3
40,1,3,1,14.0,1,0,11.2417,1,0,0,5.62085,1,4
41,0,3,1,40.0,1,0,9.475,0,0,1,4.7375,1,4
42,0,2,1,27.0,1,0,21.0,0,0,1,10.5,1,2
43,0,3,0,26.0,0,0,7.8958,1,0,0,7.8958,0,3
44,1,2,1,3.0,1,2,41.5792,1,0,0,10.3948,3,2
45,1,3,1,19.0,0,0,7.8792,0,1,0,7.8792,0,3
46,0,3,0,26.0,0,0,8.05,0,0,1,8.05,0,2
47,0,3,0,26.0,1,0,15.5,0,1,0,7.75,1,2
48,1,3,1,18.0,0,0,7.75,0,1,0,7.75,0,3
49,0,3,0,26.0,2,0,21.6792,1,0,0,7.226400000000001,2,3
50,0,3,1,18.0,1,0,17.8,0,0,1,8.9,1,3
51,0,3,0,7.0,4,1,39.6875,0,0,1,6.614583333333333,5,3
52,0,3,0,21.0,0,0,7.8,0,0,1,7.8,0,3
53,1,1,1,49.0,1,0,76.7292,1,0,0,38.3646,1,2
54,1,2,1,29.0,1,0,26.0,0,0,1,13.0,1,2
55,0,1,0,65.0,0,1,61.9792,1,0,0,30.9896,1,1
56,1,1,0,40.0,0,0,35.5,0,0,1,35.5,0,1
57,1,2,1,21.0,0,0,10.5,0,0,1,10.5,0,2
58,0,3,0,28.5,0,0,7.2292,1,0,0,7.2292,0,3
59,1,2,1,5.0,1,2,27.75,0,0,1,6.9375,3,3
60,0,3,0,11.0,5,2,46.9,0,0,1,5.8625,7,4
61,0,3,0,22.0,0,0,7.2292,1,0,0,7.2292,0,3
62,1,1,1,38.0,0,0,80.0,0,0,1,80.0,0,1
63,0,1,0,45.0,1,0,83.475,0,0,1,41.7375,1,1
64,0,3,0,4.0,3,2,27.9,0,0,1,4.6499999999999995,5,4
65,0,1,0,40.0,0,0,27.7208,1,0,0,27.7208,0,1
66,1,3,0,4.0,1,1,15.2458,1,0,0,5.081933333333333,2,4
67,1,2,1,29.0,0,0,10.5,0,0,1,10.5,0,3
68,0,3,0,19.0,0,0,8.1583,0,0,1,8.1583,0,2
69,1,3,1,17.0,4,2,7.925,0,0,1,1.1321428571428571,6,4
70,0,3,0,26.0,2,0,8.6625,0,0,1,2.8874999999999997,2,4
71,0,2,0,32.0,0,0,10.5,0,0,1,10.5,0,2
72,0,3,1,16.0,5,2,46.9,0,0,1,5.8625,7,4
73,0,2,0,21.0,0,0,73.5,0,0,1,73.5,0,2
74,0,3,0,26.0,1,0,14.4542,1,0,0,7.2271,1,2
75,1,3,0,32.0,0,0,56.4958,0,0,1,56.4958,0,3
76,0,3,0,25.0,0,0,7.65,0,0,1,7.65,0,3
77,0,3,0,26.0,0,0,7.8958,0,0,1,7.8958,0,3
78,0,3,0,26.0,0,0,8.05,0,0,1,8.05,0,2
79,1,2,0,0.83,0,2,29.0,0,0,1,9.666666666666666,2,3
80,1,3,1,30.0,0,0,12.475,0,0,1,12.475,0,2
81,0,3,0,22.0,0,0,9.0,0,0,1,9.0,0,2
82,1,3,0,29.0,0,0,9.5,0,0,1,9.5,0,2
83,1,3,1,18.0,0,0,7.7875,0,1,0,7.7875,0,3
84,0,1,0,28.0,0,0,47.1,0,0,1,47.1,0,0
85,1,2,1,17.0,0,0,10.5,0,0,1,10.5,0,2
86,1,3,1,33.0,3,0,15.85,0,0,1,3.9625,3,4
87,0,3,0,16.0,1,3,34.375,0,0,1,6.875,4,3
88,0,3,0,26.0,0,0,8.05,0,0,1,8.05,0,2
89,1,1,1,23.0,3,2,263.0,0,0,1,43.833333333333336,5,1
90,0,3,0,24.0,0,0,8.05,0,0,1,8.05,0,2
91,0,3,0,29.0,0,0,8.05,0,0,1,8.05,0,2
92,0,3,0,20.0,0,0,7.8542,0,0,1,7.8542,0,3
93,0,1,0,46.0,1,0,61.175,0,0,1,30.5875,1,2
94,0,3,0,26.0,1,2,20.575,0,0,1,5.14375,3,4
95,0,3,0,59.0,0,0,7.25,0,0,1,7.25,0,3
96,0,3,0,26.0,0,0,8.05,0,0,1,8.05,0,2
97,0,1,0,71.0,0,0,34.6542,1,0,0,34.6542,0,0
98,1,1,0,23.0,0,1,63.3583,1,0,0,31.67915,1,2
99,1,2,1,34.0,0,1,23.0,0,0,1,11.5,1,2
100,0,2,0,34.0,1,0,26.0,0,0,1,13.0,1,2
101,0,3,1,28.0,0,0,7.8958,0,0,1,7.8958,0,3
102,0,3,0,26.0,0,0,7.8958,0,0,1,7.8958,0,3
103,0,1,0,21.0,0,1,77.2875,0,0,1,38.64375,1,2
104,0,3,0,33.0,0,0,8.6542,0,0,1,8.6542,0,2
105,0,3,0,37.0,2,0,7.925,0,0,1,2.6416666666666666,2,4
106,0,3,0,28.0,0,0,7.8958,0,0,1,7.8958,0,3
107,1,3,1,21.0,0,0,7.65,0,0,1,7.65,0,3
108,1,3,0,26.0,0,0,7.775,0,0,1,7.775,0,3
109,0,3,0,38.0,0,0,7.8958,0,0,1,7.8958,0,3
110,1,3,1,18.0,1,0,24.15,0,1,0,12.075,1,3
111,0,1,0,47.0,0,0,52.0,0,0,1,52.0,0,1
112,0,3,1,14.5,1,0,14.4542,1,0,0,7.2271,1,2
113,0,3,0,22.0,0,0,8.05,0,0,1,8.05,0,2
114,0,3,1,20.0,1,0,9.825,0,0,1,4.9125,1,4
115,0,3,1,17.0,0,0,14.4583,1,0,0,14.4583,0,2
116,0,3,0,21.0,0,0,7.925,0,0,1,7.925,0,2
117,0,3,0,70.5,0,0,7.75,0,1,0,7.75,0,3
118,0,2,0,29.0,1,0,21.0,0,0,1,10.5,1,2
119,0,1,0,24.0,0,1,247.5208,1,0,0,123.7604,1,1
120,0,3,1,2.0,4,2,31.275,0,0,1,4.4678571428571425,6,4
121,0,2,0,21.0,2,0,73.5,0,0,1,24.5,2,2
122,0,3,0,26.0,0,0,8.05,0,0,1,8.05,0,2
123,0,2,0,32.5,1,0,30.0708,1,0,0,15.0354,1,2
124,1,2,1,32.5,0,0,13.0,0,0,1,13.0,0,2
125,0,1,0,54.0,0,1,77.2875,0,0,1,38.64375,1,2
126,1,3,0,12.0,1,0,11.2417,1,0,0,5.62085,1,4
127,0,3,0,26.0,0,0,7.75,0,1,0,7.75,0,3
128,1,3,0,24.0,0,0,7.1417,0,0,1,7.1417,0,3
129,1,3,1,18.0,1,1,22.3583,1,0,0,7.452766666666666,2,3
130,0,3,0,45.0,0,0,6.975,0,0,1,6.975,0,3
131,0,3,0,33.0,0,0,7.8958,1,0,0,7.8958,0,3
132,0,3,0,20.0,0,0,7.05,0,0,1,7.05,0,3
133,0,3,1,47.0,1,0,14.5,0,0,1,7.25,1,2
134,1,2,1,29.0,1,0,26.0,0,0,1,13.0,1,2
135,0,2,0,25.0,0,0,13.0,0,0,1,13.0,0,2
136,0,2,0,23.0,0,0,15.0458,1,0,0,15.0458,0,2
137,1,1,1,19.0,0,2,26.2833,0,0,1,8.7611,2,2
138,0,1,0,37.0,1,0,53.1,0,0,1,26.55,1,1
139,0,3,0,16.0,0,0,9.2167,0,0,1,9.2167,0,2
140,0,1,0,24.0,0,0,79.2,1,0,0,79.2,0,1
141,0,3,1,31.0,0,2,15.2458,1,0,0,5.081933333333333,2,4
142,1,3,1,22.0,0,0,7.75,0,0,1,7.75,0,3
143,1,3,1,24.0,1,0,15.85,0,0,1,7.925,1,2
144,0,3,0,19.0,0,0,6.75,0,1,0,6.75,0,3
145,0,2,0,18.0,0,0,11.5,0,0,1,11.5,0,2
146,0,2,0,19.0,1,1,36.75,0,0,1,12.25,2,2
147,1,3,0,27.0,0,0,7.7958,0,0,1,7.7958,0,3
148,0,3,1,9.0,2,2,34.375,0,0,1,6.875,4,3
149,0,2,0,36.5,0,2,26.0,0,0,1,8.666666666666666,2,3
150,0,2,0,42.0,0,0,13.0,0,0,1,13.0,0,2
151,0,2,0,51.0,0,0,12.525,0,0,1,12.525,0,2
152,1,1,1,22.0,1,0,66.6,0,0,1,33.3,1,1
153,0,3,0,55.5,0,0,8.05,0,0,1,8.05,0,2
154,0,3,0,40.5,0,2,14.5,0,0,1,4.833333333333333,2,4
155,0,3,0,26.0,0,0,7.3125,0,0,1,7.3125,0,3
156,0,1,0,51.0,0,1,61.3792,1,0,0,30.6896,1,2
157,1,3,1,16.0,0,0,7.7333,0,1,0,7.7333,0,3
158,0,3,0,30.0,0,0,8.05,0,0,1,8.05,0,2
159,0,3,0,26.0,0,0,8.6625,0,0,1,8.6625,0,2
160,0,3,0,4.0,8,2,69.55,0,0,1,6.322727272727272,10,3
161,0,3,0,44.0,0,1,16.1,0,0,1,8.05,1,2
162,1,2,1,40.0,0,0,15.75,0,0,1,15.75,0,2
163,0,3,0,26.0,0,0,7.775,0,0,1,7.775,0,3
164,0,3,0,17.0,0,0,8.6625,0,0,1,8.6625,0,2
165,0,3,0,1.0,4,1,39.6875,0,0,1,6.614583333333333,5,3
166,1,3,0,9.0,0,2,20.525,0,0,1,6.841666666666666,2,3
167,1,1,1,41.5,0,1,55.0,0,0,1,27.5,1,2
168,0,3,1,45.0,1,4,27.9,0,0,1,4.6499999999999995,5,4
169,0,1,0,40.0,0,0,25.925,0,0,1,25.925,0,2
170,0,3,0,28.0,0,0,56.4958,0,0,1,56.4958,0,3
171,0,1,0,61.0,0,0,33.5,0,0,1,33.5,0,1
172,0,3,0,4.0,4,1,29.125,0,1,0,4.854166666666667,5,4
173,1,3,1,1.0,1,1,11.1333,0,0,1,3.7111,2,4
174,0,3,0,21.0,0,0,7.925,0,0,1,7.925,0,2
175,0,1,0,56.0,0,0,30.6958,1,0,0,30.6958,0,0
176,0,3,0,18.0,1,1,7.8542,0,0,1,2.6180666666666665,2,4
177,0,3,0,4.0,3,1,25.4667,0,0,1,5.0933399999999995,4,4
178,0,1,1,50.0,0,0,28.7125,1,0,0,28.7125,0,1
179,0,2,0,30.0,0,0,13.0,0,0,1,13.0,0,2
180,0,3,0,36.0,0,0,0.0,0,0,1,0.0,0,4
181,0,3,1,18.0,8,2,69.55,0,0,1,6.322727272727272,10,3
182,0,2,0,31.0,0,0,15.05,1,0,0,15.05,0,2
183,0,3,0,9.0,4,2,31.3875,0,0,1,4.483928571428572,6,4
184,1,2,0,1.0,2,1,39.0,0,0,1,9.75,3,3
185,1,3,1,4.0,0,2,22.025,0,0,1,7.341666666666666,2,3
186,0,1,0,40.0,0,0,50.0,0,0,1,50.0,0,0
187,1,3,1,31.0,1,0,15.5,0,1,0,7.75,1,2
188,1,1,0,45.0,0,0,26.55,0,0,1,26.55,0,1
189,0,3,0,40.0,1,1,15.5,0,1,0,5.166666666666667,2,4
190,0,3,0,36.0,0,0,7.8958,0,0,1,7.8958,0,3
191,1,2,1,32.0,0,0,13.0,0,0,1,13.0,0,2
192,0,2,0,19.0,0,0,13.0,0,0,1,13.0,0,2
193,1,3,1,19.0,1,0,7.8542,0,0,1,3.9271,1,4
194,1,2,0,3.0,1,1,26.0,0,0,1,8.666666666666666,2,3
195,1,1,1,44.0,0,0,27.7208,1,0,0,27.7208,0,1
196,1,1,1,58.0,0,0,146.5208,1,0,0,146.5208,0,1
197,0,3,0,26.0,0,0,7.75,0,1,0,7.75,0,3
198,0,3,0,42.0,0,1,8.4042,0,0,1,4.2021,1,4
199,1,3,1,18.0,0,0,7.75,0,1,0,7.75,0,3
200,0,2,1,24.0,0,0,13.0,0,0,1,13.0,0,2
201,0,3,0,28.0,0,0,9.5,0,0,1,9.5,0,2
202,0,3,0,26.0,8,2,69.55,0,0,1,6.322727272727272,10,3
203,0,3,0,34.0,0,0,6.4958,0,0,1,6.4958,0,3
204,0,3,0,45.5,0,0,7.225,1,0,0,7.225,0,3
205,1,3,0,18.0,0,0,8.05,0,0,1,8.05,0,2
206,0,3,1,2.0,0,1,10.4625,0,0,1,5.23125,1,4
207,0,3,0,32.0,1,0,15.85,0,0,1,7.925,1,2
208,1,3,0,26.0,0,0,18.7875,1,0,0,18.7875,0,3
209,1,3,1,16.0,0,0,7.75,0,1,0,7.75,0,3
210,1,1,0,40.0,0,0,31.0,1,0,0,31.0,0,0
211,0,3,0,24.0,0,0,7.05,0,0,1,7.05,0,3
212,1,2,1,35.0,0,0,21.0,0,0,1,21.0,0,2
213,0,3,0,22.0,0,0,7.25,0,0,1,7.25,0,3
214,0,2,0,30.0,0,0,13.0,0,0,1,13.0,0,2
215,0,3,0,26.0,1,0,7.75,0,1,0,3.875,1,4
216,1,1,1,31.0,1,0,113.275,1,0,0,56.6375,1,2
217,1,3,1,27.0,0,0,7.925,0,0,1,7.925,0,2
218,0,2,0,42.0,1,0,27.0,0,0,1,13.5,1,2
219,1,1,1,32.0,0,0,76.2917,1,0,0,76.2917,0,2
220,0,2,0,30.0,0,0,10.5,0,0,1,10.5,0,2
221,1,3,0,16.0,0,0,8.05,0,0,1,8.05,0,2
222,0,2,0,27.0,0,0,13.0,0,0,1,13.0,0,2
223,0,3,0,51.0,0,0,8.05,0,0,1,8.05,0,2
224,0,3,0,26.0,0,0,7.8958,0,0,1,7.8958,0,3
225,1,1,0,38.0,1,0,90.0,0,0,1,45.0,1,1
226,0,3,0,22.0,0,0,9.35,0,0,1,9.35,0,2
227,1,2,0,19.0,0,0,10.5,0,0,1,10.5,0,2
228,0,3,0,20.5,0,0,7.25,0,0,1,7.25,0,3
229,0,2,0,18.0,0,0,13.0,0,0,1,13.0,0,2
230,0,3,1,18.0,3,1,25.4667,0,0,1,5.0933399999999995,4,4
231,1,1,1,35.0,1,0,83.475,0,0,1,41.7375,1,1
232,0,3,0,29.0,0,0,7.775,0,0,1,7.775,0,3
233,0,2,0,59.0,0,0,13.5,0,0,1,13.5,0,2
234,1,3,1,5.0,4,2,31.3875,0,0,1,4.483928571428572,6,4
235,0,2,0,24.0,0,0,10.5,0,0,1,10.5,0,2
236,0,3,1,18.0,0,0,7.55,0,0,1,7.55,0,3
237,0,2,0,44.0,1,0,26.0,0,0,1,13.0,1,2
238,1,2,1,8.0,0,2,26.25,0,0,1,8.75,2,3
239,0,2,0,19.0,0,0,10.5,0,0,1,10.5,0,2
240,0,2,0,33.0,0,0,12.275,0,0,1,12.275,0,2
241,0,3,1,18.0,1,0,14.4542,1,0,0,7.2271,1,2
242,1,3,1,18.0,1,0,15.5,0,1,0,7.75,1,2
243,0,2,0,29.0,0,0,10.5,0,0,1,10.5,0,2
244,0,3,0,22.0,0,0,7.125,0,0,1,7.125,0,3
245,0,3,0,30.0,0,0,7.225,1,0,0,7.225,0,3
246,0,1,0,44.0,2,0,90.0,0,1,0,30.0,2,1
247,0,3,1,25.0,0,0,7.775,0,0,1,7.775,0,3
248,1,2,1,24.0,0,2,14.5,0,0,1,4.833333333333333,2,3
249,1,1,0,37.0,1,1,52.5542,0,0,1,17.518066666666666,2,2
250,0,2,0,54.0,1,0,26.0,0,0,1,13.0,1,2
251,0,3,0,26.0,0,0,7.25,0,0,1,7.25,0,3
252,0,3,1,29.0,1,1,10.4625,0,0,1,3.4875000000000003,2,4
253,0,1,0,62.0,0,0,26.55,0,0,1,26.55,0,1
254,0,3,0,30.0,1,0,16.1,0,0,1,8.05,1,2
255,0,3,1,41.0,0,2,20.2125,0,0,1,6.7375,2,3
256,1,3,1,29.0,0,2,15.2458,1,0,0,5.081933333333333,2,4
257,1,1,1,41.5,0,0,79.2,1,0,0,79.2,0,1
258,1,1,1,30.0,0,0,86.5,0,0,1,86.5,0,1
259,1,1,1,35.0,0,0,512.3292,1,0,0,512.3292,0,1
260,1,2,1,50.0,0,1,26.0,0,0,1,13.0,1,2
261,0,3,0,26.0,0,0,7.75,0,1,0,7.75,0,3
262,1,3,0,3.0,4,2,31.3875,0,0,1,4.483928571428572,6,4
263,0,1,0,52.0,1,1,79.65,0,0,1,26.55,2,2
264,0,1,0,40.0,0,0,0.0,0,0,1,0.0,0,1
265,0,3,1,18.0,0,0,7.75,0,1,0,7.75,0,3
266,0,2,0,36.0,0,0,10.5,0,0,1,10.5,0,2
267,0,3,0,16.0,4,1,39.6875,0,0,1,6.614583333333333,5,3
268,1,3,0,25.0,1,0,7.775,0,0,1,3.8875,1,4
269,1,1,1,58.0,0,1,153.4625,0,0,1,76.73125,1,1
270,1,1,1,35.0,0,0,135.6333,0,0,1,135.6333,0,1
271,0,1,0,40.0,0,0,31.0,0,0,1,31.0,0,0
272,1,3,0,25.0,0,0,0.0,0,0,1,0.0,0,4
273,1,2,1,41.0,0,1,19.5,0,0,1,9.75,1,3
274,0,1,0,37.0,0,1,29.7,1,0,0,14.85,1,1
275,1,3,1,18.0,0,0,7.75,0,1,0,7.75,0,3
276,1,1,1,63.0,1,0,77.9583,0,0,1,38.97915,1,2
277,0,3,1,45.0,0,0,7.75,0,0,1,7.75,0,3
278,0,2,0,31.0,0,0,0.0,0,0,1,0.0,0,3
279,0,3,0,7.0,4,1,29.125,0,1,0,4.854166666666667,5,4
280,1,3,1,35.0,1,1,20.25,0,0,1,6.75,2,3
281,0,3,0,65.0,0,0,7.75,0,1,0,7.75,0,3
282,0,3,0,28.0,0,0,7.8542,0,0,1,7.8542,0,3
283,0,3,0,16.0,0,0,9.5,0,0,1,9.5,0,2
284,1,3,0,19.0,0,0,8.05,0,0,1,8.05,0,2
285,0,1,0,40.0,0,0,26.0,0,0,1,26.0,0,0
286,0,3,0,33.0,0,0,8.6625,1,0,0,8.6625,0,2
287,1,3,0,30.0,0,0,9.5,0,0,1,9.5,0,2
288,0,3,0,22.0,0,0,7.8958,0,0,1,7.8958,0,3
289,1,2,0,42.0,0,0,13.0,0,0,1,13.0,0,2
290,1,3,1,22.0,0,0,7.75,0,1,0,7.75,0,3
291,1,1,1,26.0,0,0,78.85,0,0,1,78.85,0,1
292,1,1,1,19.0,1,0,91.0792,1,0,0,45.5396,1,1
293,0,2,0,36.0,0,0,12.875,1,0,0,12.875,0,2
294,0,3,1,24.0,0,0,8.85,0,0,1,8.85,0,2
295,0,3,0,24.0,0,0,7.8958,0,0,1,7.8958,0,3
296,0,1,0,40.0,0,0,27.7208,1,0,0,27.7208,0,1
297,0,3,0,23.5,0,0,7.2292,1,0,0,7.2292,0,3
298,0,1,1,2.0,1,2,151.55,0,0,1,37.8875,3,1
299,1,1,0,40.0,0,0,30.5,0,0,1,30.5,0,1
300,1,1,1,50.0,0,1,247.5208,1,0,0,123.7604,1,1
301,1,3,1,18.0,0,0,7.75,0,1,0,7.75,0,3
302,1,3,0,26.0,2,0,23.25,0,1,0,7.75,2,3
303,0,3,0,19.0,0,0,0.0,0,0,1,0.0,0,4
304,1,2,1,24.0,0,0,12.35,0,1,0,12.35,0,2
305,0,3,0,26.0,0,0,8.05,0,0,1,8.05,0,2
306,1,1,0,0.92,1,2,151.55,0,0,1,37.8875,3,1
307,1,1,1,30.0,0,0,110.8833,1,0,0,110.8833,0,1
308,1,1,1,17.0,1,0,108.9,1,0,0,54.45,1,1
309,0,2,0,30.0,1,0,24.0,1,0,0,12.0,1,2
310,1,1,1,30.0,0,0,56.9292,1,0,0,56.9292,0,2
311,1,1,1,24.0,0,0,83.1583,1,0,0,83.1583,0,1
312,1,1,1,18.0,2,2,262.375,1,0,0,52.475,4,1
313,0,2,1,26.0,1,1,26.0,0,0,1,8.666666666666666,2,3
314,0,3,0,28.0,0,0,7.8958,0,0,1,7.8958,0,3
315,0,2,0,43.0,1,1,26.25,0,0,1,8.75,2,3
316,1,3,1,26.0,0,0,7.8542,0,0,1,7.8542,0,3
317,1,2,1,24.0,1,0,26.0,0,0,1,13.0,1,2
318,0,2,0,54.0,0,0,14.0,0,0,1,14.0,0,2
319,1,1,1,31.0,0,2,164.8667,0,0,1,54.95556666666667,2,1
320,1,1,1,40.0,1,1,134.5,1,0,0,44.833333333333336,2,2
321,0,3,0,22.0,0,0,7.25,0,0,1,7.25,0,3
322,0,3,0,27.0,0,0,7.8958,0,0,1,7.8958,0,3
323,1,2,1,30.0,0,0,12.35,0,1,0,12.35,0,2
324,1,2,1,22.0,1,1,29.0,0,0,1,9.666666666666666,2,3
325,0,3,0,26.0,8,2,69.55,0,0,1,6.322727272727272,10,3
326,1,1,1,36.0,0,0,135.6333,1,0,0,135.6333,0,1
327,0,3,0,61.0,0,0,6.2375,0,0,1,6.2375,0,3
328,1,2,1,36.0,0,0,13.0,0,0,1,13.0,0,2
329,1,3,1,31.0,1,1,20.525,0,0,1,6.841666666666666,2,3
330,1,1,1,16.0,0,1,57.9792,1,0,0,28.9896,1,1
331,1,3,1,18.0,2,0,23.25,0,1,0,7.75,2,3
332,0,1,0,45.5,0,0,28.5,0,0,1,28.5,0,1
333,0,1,0,38.0,0,1,153.4625,0,0,1,76.73125,1,1
334,0,3,0,16.0,2,0,18.0,0,0,1,6.0,2,3
335,1,1,1,41.5,1,0,133.65,0,0,1,66.825,1,2
336,0,3,0,26.0,0,0,7.8958,0,0,1,7.8958,0,3
337,0,1,0,29.0,1,0,66.6,0,0,1,33.3,1,1
338,1,1,1,41.0,0,0,134.5,1,0,0,134.5,0,2
339,1,3,0,45.0,0,0,8.05,0,0,1,8.05,0,2
340,0,1,0,45.0,0,0,35.5,0,0,1,35.5,0,0
341,1,2,0,2.0,1,1,26.0,0,0,1,8.666666666666666,2,3
342,1,1,1,24.0,3,2,263.0,0,0,1,43.833333333333336,5,1
343,0,2,0,28.0,0,0,13.0,0,0,1,13.0,0,2
344,0,2,0,25.0,0,0,13.0,0,0,1,13.0,0,2
345,0,2,0,36.0,0,0,13.0,0,0,1,13.0,0,2
346,1,2,1,24.0,0,0,13.0,0,0,1,13.0,0,3
347,1,2,1,40.0,0,0,13.0,0,0,1,13.0,0,2
348,1,3,1,31.0,1,0,16.1,0,0,1,8.05,1,2
349,1,3,0,3.0,1,1,15.9,0,0,1,5.3,2,4
350,0,3,0,42.0,0,0,8.6625,0,0,1,8.6625,0,2
351,0,3,0,23.0,0,0,9.225,0,0,1,9.225,0,2
352,0,1,0,40.0,0,0,35.0,0,0,1,35.0,0,1
353,0,3,0,15.0,1,1,7.2292,1,0,0,2.409733333333333,2,4
354,0,3,0,25.0,1,0,17.8,0,0,1,8.9,1,3
355,0,3,0,26.0,0,0,7.225,1,0,0,7.225,0,3
356,0,3,0,28.0,0,0,9.5,0,0,1,9.5,0,2
357,1,1,1,22.0,0,1,55.0,0,0,1,27.5,1,2
358,0,2,1,38.0,0,0,13.0,0,0,1,13.0,0,2
359,1,3,1,18.0,0,0,7.8792,0,1,0,7.8792,0,3
360,1,3,1,18.0,0,0,7.8792,0,1,0,7.8792,0,3
361,0,3,0,40.0,1,4,27.9,0,0,1,4.6499999999999995,5,4
362,0,2,0,29.0,1,0,27.7208,1,0,0,13.8604,1,2
363,0,3,1,45.0,0,1,14.4542,1,0,0,7.2271,1,2
364,0,3,0,35.0,0,0,7.05,0,0,1,7.05,0,3
365,0,3,0,26.0,1,0,15.5,0,1,0,7.75,1,2
366,0,3,0,30.0,0,0,7.25,0,0,1,7.25,0,3
367,1,1,1,60.0,1,0,75.25,1,0,0,37.625,1,2
368,1,3,1,31.0,0,0,7.2292,1,0,0,7.2292,0,3
369,1,3,1,18.0,0,0,7.75,0,1,0,7.75,0,3
370,1,1,1,24.0,0,0,69.3,1,0,0,69.3,0,1
371,1,1,0,25.0,1,0,55.4417,1,0,0,27.72085,1,2
372,0,3,0,18.0,1,0,6.4958,0,0,1,3.2479,1,4
373,0,3,0,19.0,0,0,8.05,0,0,1,8.05,0,2
374,0,1,0,22.0,0,0,135.6333,1,0,0,135.6333,0,1
375,0,3,1,3.0,3,1,21.075,0,0,1,4.215,4,4
376,1,1,1,41.5,1,0,82.1708,1,0,0,41.0854,1,1
377,1,3,1,22.0,0,0,7.25,0,0,1,7.25,0,3
378,0,1,0,27.0,0,2,211.5,1,0,0,70.5,2,1
379,0,3,0,20.0,0,0,4.0125,1,0,0,4.0125,0,4
380,0,3,0,19.0,0,0,7.775,0,0,1,7.775,0,3
381,1,1,1,42.0,0,0,227.525,1,0,0,227.525,0,1
382,1,3,1,1.0,0,2,15.7417,1,0,0,5.247233333333333,2,4
383,0,3,0,32.0,0,0,7.925,0,0,1,7.925,0,2
384,1,1,1,35.0,1,0,52.0,0,0,1,26.0,1,1
385,0,3,0,26.0,0,0,7.8958,0,0,1,7.8958,0,3
386,0,2,0,18.0,0,0,73.5,0,0,1,73.5,0,2
387,0,3,0,1.0,5,2,46.9,0,0,1,5.8625,7,4
388,1,2,1,36.0,0,0,13.0,0,0,1,13.0,0,2
389,0,3,0,26.0,0,0,7.7292,0,1,0,7.7292,0,3
390,1,2,1,17.0,0,0,12.0,1,0,0,12.0,0,2
391,1,1,0,36.0,1,2,120.0,0,0,1,30.0,3,1
392,1,3,0,21.0,0,0,7.7958,0,0,1,7.7958,0,3
393,0,3,0,28.0,2,0,7.925,0,0,1,2.6416666666666666,2,4
394,1,1,1,23.0,1,0,113.275,1,0,0,56.6375,1,2
395,1,3,1,24.0,0,2,16.7,0,0,1,5.566666666666666,2,4
396,0,3,0,22.0,0,0,7.7958,0,0,1,7.7958,0,3
397,0,3,1,31.0,0,0,7.8542,0,0,1,7.8542,0,3
398,0,2,0,46.0,0,0,26.0,0,0,1,26.0,0,2
399,0,2,0,23.0,0,0,10.5,0,0,1,10.5,0,2
400,1,2,1,28.0,0,0,12.65,0,0,1,12.65,0,2
401,1,3,0,39.0,0,0,7.925,0,0,1,7.925,0,2
402,0,3,0,26.0,0,0,8.05,0,0,1,8.05,0,2
403,0,3,1,21.0,1,0,9.825,0,0,1,4.9125,1,4
404,0,3,0,28.0,1,0,15.85,0,0,1,7.925,1,2
405,0,3,1,20.0,0,0,8.6625,0,0,1,8.6625,0,2
406,0,2,0,34.0,1,0,21.0,0,0,1,10.5,1,2
407,0,3,0,51.0,0,0,7.75,0,0,1,7.75,0,3
408,1,2,0,3.0,1,1,18.75,0,0,1,6.25,2,3
409,0,3,0,21.0,0,0,7.775,0,0,1,7.775,0,3
410,0,3,1,18.0,3,1,25.4667,0,0,1,5.0933399999999995,4,4
411,0,3,0,26.0,0,0,7.8958,0,0,1,7.8958,0,3
412,0,3,0,26.0,0,0,6.8583,0,1,0,6.8583,0,3
413,1,1,1,33.0,1,0,90.0,0,1,0,45.0,1,1
414,0,2,0,31.0,0,0,0.0,0,0,1,0.0,0,3
415,1,3,0,44.0,0,0,7.925,0,0,1,7.925,0,2
416,0,3,1,31.0,0,0,8.05,0,0,1,8.05,0,2
417,1,2,1,34.0,1,1,32.5,0,0,1,10.833333333333334,2,2
418,1,2,1,18.0,0,2,13.0,0,0,1,4.333333333333333,2,3
419,0,2,0,30.0,0,0,13.0,0,0,1,13.0,0,2
420,0,3,1,10.0,0,2,24.15,0,0,1,8.049999999999999,2,3
421,0,3,0,26.0,0,0,7.8958,1,0,0,7.8958,0,3
422,0,3,0,21.0,0,0,7.7333,0,1,0,7.7333,0,3
423,0,3,0,29.0,0,0,7.875,0,0,1,7.875,0,3
424,0,3,1,28.0,1,1,14.4,0,0,1,4.8,2,4
425,0,3,0,18.0,1,1,20.2125,0,0,1,6.7375,2,3
426,0,3,0,26.0,0,0,7.25,0,0,1,7.25,0,3
427,1,2,1,28.0,1,0,26.0,0,0,1,13.0,1,2
428,1,2,1,19.0,0,0,26.0,0,0,1,26.0,0,2
429,0,3,0,26.0,0,0,7.75,0,1,0,7.75,0,3
430,1,3,0,32.0,0,0,8.05,0,0,1,8.05,0,2
431,1,1,0,28.0,0,0,26.55,0,0,1,26.55,0,1
432,1,3,1,31.0,1,0,16.1,0,0,1,8.05,1,2
433,1,2,1,42.0,1,0,26.0,0,0,1,13.0,1,2
434,0,3,0,17.0,0,0,7.125,0,0,1,7.125,0,3
435,0,1,0,50.0,1,0,55.9,0,0,1,27.95,1,2
436,1,1,1,14.0,1,2,120.0,0,0,1,30.0,3,1
437,0,3,1,21.0,2,2,34.375,0,0,1,6.875,4,3
438,1,2,1,24.0,2,3,18.75,0,0,1,3.125,5,3
439,0,1,0,64.0,1,4,263.0,0,0,1,43.833333333333336,5,1
440,0,2,0,31.0,0,0,10.5,0,0,1,10.5,0,2
441,1,2,1,45.0,1,1,26.25,0,0,1,8.75,2,3
442,0,3,0,20.0,0,0,9.5,0,0,1,9.5,0,2
443,0,3,0,25.0,1,0,7.775,0,0,1,3.8875,1,4
444,1,2,1,28.0,0,0,13.0,0,0,1,13.0,0,2
445,1,3,0,26.0,0,0,8.1125,0,0,1,8.1125,0,2
446,1,1,0,4.0,0,2,81.8583,0,0,1,27.2861,2,0
447,1,2,1,13.0,0,1,19.5,0,0,1,9.75,1,3
448,1,1,0,34.0,0,0,26.55,0,0,1,26.55,0,1
449,1,3,1,5.0,2,1,19.2583,1,0,0,4.814575,3,4
450,1,1,0,52.0,0,0,30.5,0,0,1,30.5,0,1
451,0,2,0,36.0,1,2,27.75,0,0,1,6.9375,3,3
452,0,3,0,26.0,1,0,19.9667,0,0,1,9.98335,1,3
453,0,1,0,30.0,0,0,27.75,1,0,0,27.75,0,1
454,1,1,0,49.0,1,0,89.1042,1,0,0,44.5521,1,1
455,0,3,0,26.0,0,0,8.05,0,0,1,8.05,0,2
456,1,3,0,29.0,0,0,7.8958,1,0,0,7.8958,0,3
457,0,1,0,65.0,0,0,26.55,0,0,1,26.55,0,2
458,1,1,1,41.5,1,0,51.8625,0,0,1,25.93125,1,2
459,1,2,1,50.0,0,0,10.5,0,0,1,10.5,0,2
460,0,3,0,26.0,0,0,7.75,0,1,0,7.75,0,3
461,1,1,0,48.0,0,0,26.55,0,0,1,26.55,0,2
462,0,3,0,34.0,0,0,8.05,0,0,1,8.05,0,2
463,0,1,0,47.0,0,0,38.5,0,0,1,38.5,0,2
464,0,2,0,48.0,0,0,13.0,0,0,1,13.0,0,2
465,0,3,0,26.0,0,0,8.05,0,0,1,8.05,0,2
466,0,3,0,38.0,0,0,7.05,0,0,1,7.05,0,3
467,0,2,0,31.0,0,0,0.0,0,0,1,0.0,0,3
468,0,1,0,56.0,0,0,26.55,0,0,1,26.55,0,1
469,0,3,0,26.0,0,0,7.725,0,1,0,7.725,0,3
470,1,3,1,0.75,2,1,19.2583,1,0,0,4.814575,3,4
471,0,3,0,26.0,0,0,7.25,0,0,1,7.25,0,3
472,0,3,0,38.0,0,0,8.6625,0,0,1,8.6625,0,2
473,1,2,1,33.0,1,2,27.75,0,0,1,6.9375,3,3
474,1,2,1,23.0,0,0,13.7917,1,0,0,13.7917,0,2
475,0,3,1,22.0,0,0,9.8375,0,0,1,9.8375,0,2
476,0,1,0,40.0,0,0,52.0,0,0,1,52.0,0,0
477,0,2,0,34.0,1,0,21.0,0,0,1,10.5,1,2
478,0,3,0,29.0,1,0,7.0458,0,0,1,3.5229,1,4
479,0,3,0,22.0,0,0,7.5208,0,0,1,7.5208,0,3
480,1,3,1,2.0,0,1,12.2875,0,0,1,6.14375,1,2
481,0,3,0,9.0,5,2,46.9,0,0,1,5.8625,7,4
482,0,2,0,31.0,0,0,0.0,0,0,1,0.0,0,3
483,0,3,0,50.0,0,0,8.05,0,0,1,8.05,0,2
484,1,3,1,63.0,0,0,9.5875,0,0,1,9.5875,0,2
485,1,1,0,25.0,1,0,91.0792,1,0,0,45.5396,1,1
486,0,3,1,18.0,3,1,25.4667,0,0,1,5.0933399999999995,4,4
487,1,1,1,35.0,1,0,90.0,0,0,1,45.0,1,1
488,0,1,0,58.0,0,0,29.7,1,0,0,29.7,0,1
489,0,3,0,30.0,0,0,8.05,0,0,1,8.05,0,2
490,1,3,0,9.0,1,1,15.9,0,0,1,5.3,2,4
491,0,3,0,26.0,1,0,19.9667,0,0,1,9.98335,1,3
492,0,3,0,21.0,0,0,7.25,0,0,1,7.25,0,3
493,0,1,0,55.0,0,0,30.5,0,0,1,30.5,0,1
494,0,1,0,71.0,0,0,49.5042,1,0,0,49.5042,0,0
495,0,3,0,21.0,0,0,8.05,0,0,1,8.05,0,2
496,0,3,0,26.0,0,0,14.4583,1,0,0,14.4583,0,2
497,1,1,1,54.0,1,0,78.2667,1,0,0,39.13335,1,2
498,0,3,0,26.0,0,0,15.1,0,0,1,15.1,0,2
499,0,1,1,25.0,1,2,151.55,0,0,1,37.8875,3,1
500,0,3,0,24.0,0,0,7.7958,0,0,1,7.7958,0,3
501,0,3,0,17.0,0,0,8.6625,0,0,1,8.6625,0,2
502,0,3,1,21.0,0,0,7.75,0,1,0,7.75,0,3
503,0,3,1,18.0,0,0,7.6292,0,1,0,7.6292,0,3
504,0,3,1,37.0,0,0,9.5875,0,0,1,9.5875,0,2
505,1,1,1,16.0,0,0,86.5,0,0,1,86.5,0,1
506,0,1,0,18.0,1,0,108.9,1,0,0,54.45,1,1
507,1,2,1,33.0,0,2,26.0,0,0,1,8.666666666666666,2,3
508,1,1,0,40.0,0,0,26.55,0,0,1,26.55,0,1
509,0,3,0,28.0,0,0,22.525,0,0,1,22.525,0,3
510,1,3,0,26.0,0,0,56.4958,0,0,1,56.4958,0,3
511,1,3,0,29.0,0,0,7.75,0,1,0,7.75,0,3
512,0,3,0,26.0,0,0,8.05,0,0,1,8.05,0,2
513,1,1,0,36.0,0,0,26.2875,0,0,1,26.2875,0,2
514,1,1,1,54.0,1,0,59.4,1,0,0,29.7,1,1
515,0,3,0,24.0,0,0,7.4958,0,0,1,7.4958,0,3
516,0,1,0,47.0,0,0,34.0208,0,0,1,34.0208,0,2
517,1,2,1,34.0,0,0,10.5,0,0,1,10.5,0,3
518,0,3,0,26.0,0,0,24.15,0,1,0,24.15,0,3
519,1,2,1,36.0,1,0,26.0,0,0,1,13.0,1,2
520,0,3,0,32.0,0,0,7.8958,0,0,1,7.8958,0,3
521,1,1,1,30.0,0,0,93.5,0,0,1,93.5,0,1
522,0,3,0,22.0,0,0,7.8958,0,0,1,7.8958,0,3
523,0,3,0,26.0,0,0,7.225,1,0,0,7.225,0,3
524,1,1,1,44.0,0,1,57.9792,1,0,0,28.9896,1,1
525,0,3,0,26.0,0,0,7.2292,1,0,0,7.2292,0,3
526,0,3,0,40.5,0,0,7.75,0,1,0,7.75,0,3
527,1,2,1,50.0,0,0,10.5,0,0,1,10.5,0,2
528,0,1,0,40.0,0,0,221.7792,0,0,1,221.7792,0,1
529,0,3,0,39.0,0,0,7.925,0,0,1,7.925,0,2
530,0,2,0,23.0,2,1,11.5,0,0,1,2.875,3,3
531,1,2,1,2.0,1,1,26.0,0,0,1,8.666666666666666,2,3
532,0,3,0,26.0,0,0,7.2292,1,0,0,7.2292,0,3
533,0,3,0,17.0,1,1,7.2292,1,0,0,2.409733333333333,2,4
534,1,3,1,31.0,0,2,22.3583,1,0,0,7.452766666666666,2,3
535,0,3,1,30.0,0,0,8.6625,0,0,1,8.6625,0,2
536,1,2,1,7.0,0,2,26.25,0,0,1,8.75,2,3
537,0,1,0,45.0,0,0,26.55,0,0,1,26.55,0,1
538,1,1,1,30.0,0,0,106.425,1,0,0,106.425,0,1
539,0,3,0,26.0,0,0,14.5,0,0,1,14.5,0,2
540,1,1,1,22.0,0,2,49.5,1,0,0,16.5,2,1
541,1,1,1,36.0,0,2,71.0,0,0,1,23.666666666666668,2,1
542,0,3,1,9.0,4,2,31.275,0,0,1,4.4678571428571425,6,4
543,0,3,1,11.0,4,2,31.275,0,0,1,4.4678571428571425,6,4
544,1,2,0,32.0,1,0,26.0,0,0,1,13.0,1,2
545,0,1,0,50.0,1,0,106.425,1,0,0,53.2125,1,1
546,0,1,0,64.0,0,0,26.0,0,0,1,26.0,0,0
547,1,2,1,19.0,1,0,26.0,0,0,1,13.0,1,2
548,1,2,0,31.0,0,0,13.8625,1,0,0,13.8625,0,2
549,0,3,0,33.0,1,1,20.525,0,0,1,6.841666666666666,2,3
550,1,2,0,8.0,1,1,36.75,0,0,1,12.25,2,2
551,1,1,0,17.0,0,2,110.8833,1,0,0,36.9611,2,1
552,0,2,0,27.0,0,0,26.0,0,0,1,26.0,0,2
553,0,3,0,26.0,0,0,7.8292,0,1,0,7.8292,0,3
554,1,3,0,22.0,0,0,7.225,1,0,0,7.225,0,3
555,1,3,1,22.0,0,0,7.775,0,0,1,7.775,0,3
556,0,1,0,62.0,0,0,26.55,0,0,1,26.55,0,1
557,1,1,1,48.0,1,0,39.6,1,0,0,19.8,1,0
558,0,1,0,40.0,0,0,227.525,1,0,0,227.525,0,1
559,1,1,1,39.0,1,1,79.65,0,0,1,26.55,2,2
560,1,3,1,36.0,1,0,17.4,0,0,1,8.7,1,2
561,0,3,0,26.0,0,0,7.75,0,1,0,7.75,0,3
562,0,3,0,40.0,0,0,7.8958,0,0,1,7.8958,0,3
563,0,2,0,28.0,0,0,13.5,0,0,1,13.5,0,2
564,0,3,0,26.0,0,0,8.05,0,0,1,8.05,0,2
565,0,3,1,18.0,0,0,8.05,0,0,1,8.05,0,2
566,0,3,0,24.0,2,0,24.15,0,0,1,8.049999999999999,2,3
567,0,3,0,19.0,0,0,7.8958,0,0,1,7.8958,0,3
568,0,3,1,29.0,0,4,21.075,0,0,1,4.215,4,4
569,0,3,0,26.0,0,0,7.2292,1,0,0,7.2292,0,3
570,1,3,0,32.0,0,0,7.8542,0,0,1,7.8542,0,3
571,1,2,0,62.0,0,0,10.5,0,0,1,10.5,0,2
572,1,1,1,53.0,2,0,51.4792,0,0,1,17.15973333333333,2,1
573,1,1,0,36.0,0,0,26.3875,0,0,1,26.3875,0,2
574,1,3,1,18.0,0,0,7.75,0,1,0,7.75,0,3
575,0,3,0,16.0,0,0,8.05,0,0,1,8.05,0,2
576,0,3,0,19.0,0,0,14.5,0,0,1,14.5,0,2
577,1,2,1,34.0,0,0,13.0,0,0,1,13.0,0,2
578,1,1,1,39.0,1,0,55.9,0,0,1,27.95,1,2
579,0,3,1,31.0,1,0,14.4583,1,0,0,7.22915,1,2
580,1,3,0,32.0,0,0,7.925,0,0,1,7.925,0,2
581,1,2,1,25.0,1,1,30.0,0,0,1,10.0,2,3
582,1,1,1,39.0,1,1,110.8833,1,0,0,36.9611,2,1
583,0,2,0,54.0,0,0,26.0,0,0,1,26.0,0,2
584,0,1,0,36.0,0,0,40.125,1,0,0,40.125,0,0
585,0,3,0,26.0,0,0,8.7125,1,0,0,8.7125,0,2
586,1,1,1,18.0,0,2,79.65,0,0,1,26.55,2,2
587,0,2,0,47.0,0,0,15.0,0,0,1,15.0,0,2
588,1,1,0,60.0,1,1,79.2,1,0,0,26.400000000000002,2,1
589,0,3,0,22.0,0,0,8.05,0,0,1,8.05,0,2
590,0,3,0,26.0,0,0,8.05,0,0,1,8.05,0,2
591,0,3,0,35.0,0,0,7.125,0,0,1,7.125,0,3
592,1,1,1,52.0,1,0,78.2667,1,0,0,39.13335,1,2
593,0,3,0,47.0,0,0,7.25,0,0,1,7.25,0,3
594,0,3,1,18.0,0,2,7.75,0,1,0,2.5833333333333335,2,4
595,0,2,0,37.0,1,0,26.0,0,0,1,13.0,1,2
596,0,3,0,36.0,1,1,24.15,0,0,1,8.049999999999999,2,3
597,1,2,1,24.0,0,0,33.0,0,0,1,33.0,0,2
598,0,3,0,49.0,0,0,0.0,0,0,1,0.0,0,4
599,0,3,0,26.0,0,0,7.225,1,0,0,7.225,0,3
600,1,1,0,49.0,1,0,56.9292,1,0,0,28.4646,1,0
601,1,2,1,24.0,2,1,27.0,0,0,1,6.75,3,3
602,0,3,0,26.0,0,0,7.8958,0,0,1,7.8958,0,3
603,0,1,0,40.0,0,0,42.4,0,0,1,42.4,0,0
604,0,3,0,44.0,0,0,8.05,0,0,1,8.05,0,2
605,1,1,0,35.0,0,0,26.55,1,0,0,26.55,0,1
606,0,3,0,36.0,1,0,15.55,0,0,1,7.775,1,2
607,0,3,0,30.0,0,0,7.8958,0,0,1,7.8958,0,3
608,1,1,0,27.0,0,0,30.5,0,0,1,30.5,0,1
609,1,2,1,22.0,1,2,41.5792,1,0,0,10.3948,3,2
610,1,1,1,40.0,0,0,153.4625,0,0,1,153.4625,0,1
611,0,3,1,39.0,1,5,31.275,0,0,1,4.4678571428571425,6,4
612,0,3,0,26.0,0,0,7.05,0,0,1,7.05,0,3
613,1,3,1,18.0,1,0,15.5,0,1,0,7.75,1,2
614,0,3,0,26.0,0,0,7.75,0,1,0,7.75,0,3
615,0,3,0,35.0,0,0,8.05,0,0,1,8.05,0,2
616,1,2,1,24.0,1,2,65.0,0,0,1,16.25,3,2
617,0,3,0,34.0,1,1,14.4,0,0,1,4.8,2,4
618,0,3,1,26.0,1,0,16.1,0,0,1,8.05,1,2
619,1,2,1,4.0,2,1,39.0,0,0,1,9.75,3,3
620,0,2,0,26.0,0,0,10.5,0,0,1,10.5,0,2
621,0,3,0,27.0,1,0,14.4542,1,0,0,7.2271,1,2
622,1,1,0,42.0,1,0,52.5542,0,0,1,26.2771,1,2
623,1,3,0,20.0,1,1,15.7417,1,0,0,5.247233333333333,2,4
624,0,3,0,21.0,0,0,7.8542,0,0,1,7.8542,0,3
625,0,3,0,21.0,0,0,16.1,0,0,1,16.1,0,2
626,0,1,0,61.0,0,0,32.3208,0,0,1,32.3208,0,2
627,0,2,0,57.0,0,0,12.35,0,1,0,12.35,0,2
628,1,1,1,21.0,0,0,77.9583,0,0,1,77.9583,0,2
629,0,3,0,26.0,0,0,7.8958,0,0,1,7.8958,0,3
630,0,3,0,26.0,0,0,7.7333,0,1,0,7.7333,0,3
631,1,1,0,80.0,0,0,30.0,0,0,1,30.0,0,0
632,0,3,0,51.0,0,0,7.0542,0,0,1,7.0542,0,3
633,1,1,0,32.0,0,0,30.5,1,0,0,30.5,0,1
634,0,1,0,40.0,0,0,0.0,0,0,1,0.0,0,1
635,0,3,1,9.0,3,2,27.9,0,0,1,4.6499999999999995,5,4
636,1,2,1,28.0,0,0,13.0,0,0,1,13.0,0,2
637,0,3,0,32.0,0,0,7.925,0,0,1,7.925,0,2
638,0,2,0,31.0,1,1,26.25,0,0,1,8.75,2,3
639,0,3,1,41.0,0,5,39.6875,0,0,1,6.614583333333333,5,3
640,0,3,0,26.0,1,0,16.1,0,0,1,8.05,1,2
641,0,3,0,20.0,0,0,7.8542,0,0,1,7.8542,0,3
642,1,1,1,24.0,0,0,69.3,1,0,0,69.3,0,1
643,0,3,1,2.0,3,2,27.9,0,0,1,4.6499999999999995,5,4
644,1,3,0,26.0,0,0,56.4958,0,0,1,56.4958,0,3
645,1,3,1,0.75,2,1,19.2583,1,0,0,4.814575,3,4
646,1,1,0,48.0,1,0,76.7292,1,0,0,38.3646,1,2
647,0,3,0,19.0,0,0,7.8958,0,0,1,7.8958,0,3
648,1,1,0,56.0,0,0,35.5,1,0,0,35.5,0,0
649,0,3,0,26.0,0,0,7.55,0,0,1,7.55,0,3
650,1,3,1,23.0,0,0,7.55,0,0,1,7.55,0,3
651,0,3,0,26.0,0,0,7.8958,0,0,1,7.8958,0,3
652,1,2,1,18.0,0,1,23.0,0,0,1,11.5,1,2
653,0,3,0,21.0,0,0,8.4333,0,0,1,8.4333,0,2
654,1,3,1,18.0,0,0,7.8292,0,1,0,7.8292,0,3
655,0,3,1,18.0,0,0,6.75,0,1,0,6.75,0,3
656,0,2,0,24.0,2,0,73.5,0,0,1,24.5,2,2
657,0,3,0,26.0,0,0,7.8958,0,0,1,7.8958,0,3
658,0,3,1,32.0,1,1,15.5,0,1,0,5.166666666666667,2,4
659,0,2,0,23.0,0,0,13.0,0,0,1,13.0,0,2
660,0,1,0,58.0,0,2,113.275,1,0,0,37.75833333333333,2,2
661,1,1,0,50.0,2,0,133.65,0,0,1,44.550000000000004,2,2
662,0,3,0,40.0,0,0,7.225,1,0,0,7.225,0,3
663,0,1,0,47.0,0,0,25.5875,0,0,1,25.5875,0,2
664,0,3,0,36.0,0,0,7.4958,0,0,1,7.4958,0,3
665,1,3,0,20.0,1,0,7.925,0,0,1,3.9625,1,4
666,0,2,0,32.0,2,0,73.5,0,0,1,24.5,2,2
667,0,2,0,25.0,0,0,13.0,0,0,1,13.0,0,2
668,0,3,0,26.0,0,0,7.775,0,0,1,7.775,0,3
669,0,3,0,43.0,0,0,8.05,0,0,1,8.05,0,2
670,1,1,1,41.5,1,0,52.0,0,0,1,26.0,1,1
671,1,2,1,40.0,1,1,39.0,0,0,1,13.0,2,2
672,0,1,0,31.0,1,0,52.0,0,0,1,26.0,1,1
673,0,2,0,70.0,0,0,10.5,0,0,1,10.5,0,2
674,1,2,0,31.0,0,0,13.0,0,0,1,13.0,0,2
675,0,2,0,31.0,0,0,0.0,0,0,1,0.0,0,3
676,0,3,0,18.0,0,0,7.775,0,0,1,7.775,0,3
677,0,3,0,24.5,0,0,8.05,0,0,1,8.05,0,2
678,1,3,1,18.0,0,0,9.8417,0,0,1,9.8417,0,2
679,0,3,1,43.0,1,6,46.9,0,0,1,5.8625,7,4
680,1,1,0,36.0,0,1,512.3292,1,0,0,256.1646,1,1
681,0,3,1,18.0,0,0,8.1375,0,1,0,8.1375,0,2
682,1,1,0,27.0,0,0,76.7292,1,0,0,76.7292,0,2
683,0,3,0,20.0,0,0,9.225,0,0,1,9.225,0,2
684,0,3,0,14.0,5,2,46.9,0,0,1,5.8625,7,4
685,0,2,0,60.0,1,1,39.0,0,0,1,13.0,2,2
686,0,2,0,25.0,1,2,41.5792,1,0,0,10.3948,3,2
687,0,3,0,14.0,4,1,39.6875,0,0,1,6.614583333333333,5,3
688,0,3,0,19.0,0,0,10.1708,0,0,1,10.1708,0,2
689,0,3,0,18.0,0,0,7.7958,0,0,1,7.7958,0,3
690,1,1,1,15.0,0,1,211.3375,0,0,1,105.66875,1,1
691,1,1,0,31.0,1,0,57.0,0,0,1,28.5,1,1
692,1,3,1,4.0,0,1,13.4167,1,0,0,6.70835,1,2
693,1,3,0,26.0,0,0,56.4958,0,0,1,56.4958,0,3
694,0,3,0,25.0,0,0,7.225,1,0,0,7.225,0,3
695,0,1,0,60.0,0,0,26.55,0,0,1,26.55,0,1
696,0,2,0,52.0,0,0,13.5,0,0,1,13.5,0,2
697,0,3,0,44.0,0,0,8.05,0,0,1,8.05,0,2
698,1,3,1,18.0,0,0,7.7333,0,1,0,7.7333,0,3
699,0,1,0,49.0,1,1,110.8833,1,0,0,36.9611,2,1
700,0,3,0,42.0,0,0,7.65,0,0,1,7.65,0,3
701,1,1,1,18.0,1,0,227.525,1,0,0,113.7625,1,1
702,1,1,0,35.0,0,0,26.2875,0,0,1,26.2875,0,2
703,0,3,1,18.0,0,1,14.4542,1,0,0,7.2271,1,2
704,0,3,0,25.0,0,0,7.7417,0,1,0,7.7417,0,3
705,0,3,0,26.0,1,0,7.8542,0,0,1,3.9271,1,4
706,0,2,0,39.0,0,0,26.0,0,0,1,26.0,0,2
707,1,2,1,45.0,0,0,13.5,0,0,1,13.5,0,2
708,1,1,0,42.0,0,0,26.2875,0,0,1,26.2875,0,2
709,1,1,1,22.0,0,0,151.55,0,0,1,151.55,0,1
710,1,3,0,4.0,1,1,15.2458,1,0,0,5.081933333333333,2,4
711,1,1,1,24.0,0,0,49.5042,1,0,0,49.5042,0,1
712,0,1,0,40.0,0,0,26.55,0,0,1,26.55,0,1
713,1,1,0,48.0,1,0,52.0,0,0,1,26.0,1,1
714,0,3,0,29.0,0,0,9.4833,0,0,1,9.4833,0,2
715,0,2,0,52.0,0,0,13.0,0,0,1,13.0,0,2
716,0,3,0,19.0,0,0,7.65,0,0,1,7.65,0,3
717,1,1,1,38.0,0,0,227.525,1,0,0,227.525,0,1
718,1,2,1,27.0,0,0,10.5,0,0,1,10.5,0,2
719,0,3,0,26.0,0,0,15.5,0,1,0,15.5,0,2
720,0,3,0,33.0,0,0,7.775,0,0,1,7.775,0,3
721,1,2,1,6.0,0,1,33.0,0,0,1,16.5,1,2
722,0,3,0,17.0,1,0,7.0542,0,0,1,3.5271,1,4
723,0,2,0,34.0,0,0,13.0,0,0,1,13.0,0,2
724,0,2,0,50.0,0,0,13.0,0,0,1,13.0,0,2
725,1,1,0,27.0,1,0,53.1,0,0,1,26.55,1,2
726,0,3,0,20.0,0,0,8.6625,0,0,1,8.6625,0,2
727,1,2,1,30.0,3,0,21.0,0,0,1,5.25,3,3
728,1,3,1,18.0,0,0,7.7375,0,1,0,7.7375,0,3
729,0,2,0,25.0,1,0,26.0,0,0,1,13.0,1,2
730,0,3,1,25.0,1,0,7.925,0,0,1,3.9625,1,4
731,1,1,1,29.0,0,0,211.3375,0,0,1,211.3375,0,1
732,0,3,0,11.0,0,0,18.7875,1,0,0,18.7875,0,3
733,0,2,0,31.0,0,0,0.0,0,0,1,0.0,0,3
734,0,2,0,23.0,0,0,13.0,0,0,1,13.0,0,2
735,0,2,0,23.0,0,0,13.0,0,0,1,13.0,0,2
736,0,3,0,28.5,0,0,16.1,0,0,1,16.1,0,2
737,0,3,1,48.0,1,3,34.375,0,0,1,6.875,4,3
738,1,1,0,35.0,0,0,512.3292,1,0,0,512.3292,0,1
739,0,3,0,26.0,0,0,7.8958,0,0,1,7.8958,0,3
740,0,3,0,26.0,0,0,7.8958,0,0,1,7.8958,0,3
741,1,1,0,40.0,0,0,30.0,0,0,1,30.0,0,2
742,0,1,0,36.0,1,0,78.85,0,0,1,39.425,1,1
743,1,1,1,21.0,2,2,262.375,1,0,0,52.475,4,1
744,0,3,0,24.0,1,0,16.1,0,0,1,8.05,1,2
745,1,3,0,31.0,0,0,7.925,0,0,1,7.925,0,2
746,0,1,0,70.0,1,1,71.0,0,0,1,23.666666666666668,2,1
747,0,3,0,16.0,1,1,20.25,0,0,1,6.75,2,3
748,1,2,1,30.0,0,0,13.0,0,0,1,13.0,0,2
749,0,1,0,19.0,1,0,53.1,0,0,1,26.55,1,2
750,0,3,0,31.0,0,0,7.75,0,1,0,7.75,0,3
751,1,2,1,4.0,1,1,23.0,0,0,1,7.666666666666667,2,3
752,1,3,0,6.0,0,1,12.475,0,0,1,6.2375,1,2
753,0,3,0,33.0,0,0,9.5,0,0,1,9.5,0,2
754,0,3,0,23.0,0,0,7.8958,0,0,1,7.8958,0,3
755,1,2,1,48.0,1,2,65.0,0,0,1,16.25,3,2
756,1,2,0,0.67,1,1,14.5,0,0,1,4.833333333333333,2,3
757,0,3,0,28.0,0,0,7.7958,0,0,1,7.7958,0,3
758,0,2,0,18.0,0,0,11.5,0,0,1,11.5,0,2
759,0,3,0,34.0,0,0,8.05,0,0,1,8.05,0,2
760,1,1,1,33.0,0,0,86.5,0,0,1,86.5,0,1
761,0,3,0,26.0,0,0,14.5,0,0,1,14.5,0,2
762,0,3,0,41.0,0,0,7.125,0,0,1,7.125,0,3
763,1,3,0,20.0,0,0,7.2292,1,0,0,7.2292,0,3
764,1,1,1,36.0,1,2,120.0,0,0,1,30.0,3,1
765,0,3,0,16.0,0,0,7.775,0,0,1,7.775,0,3
766,1,1,1,51.0,1,0,77.9583,0,0,1,38.97915,1,2
767,0,1,0,44.0,0,0,39.6,1,0,0,39.6,0,0
768,0,3,1,30.5,0,0,7.75,0,1,0,7.75,0,3
769,0,3,0,26.0,1,0,24.15,0,1,0,12.075,1,3
770,0,3,0,32.0,0,0,8.3625,0,0,1,8.3625,0,2
771,0,3,0,24.0,0,0,9.5,0,0,1,9.5,0,2
772,0,3,0,48.0,0,0,7.8542,0,0,1,7.8542,0,3
773,0,2,1,57.0,0,0,10.5,0,0,1,10.5,0,2
774,0,3,0,26.0,0,0,7.225,1,0,0,7.225,0,3
775,1,2,1,54.0,1,3,23.0,0,0,1,4.6,4,3
776,0,3,0,18.0,0,0,7.75,0,0,1,7.75,0,3
777,0,3,0,26.0,0,0,7.75,0,1,0,7.75,0,3
778,1,3,1,5.0,0,0,12.475,0,0,1,12.475,0,2
779,0,3,0,26.0,0,0,7.7375,0,1,0,7.7375,0,3
780,1,1,1,43.0,0,1,211.3375,0,0,1,105.66875,1,1
781,1,3,1,13.0,0,0,7.2292,1,0,0,7.2292,0,3
782,1,1,1,17.0,1,0,57.0,0,0,1,28.5,1,1
783,0,1,0,29.0,0,0,30.0,0,0,1,30.0,0,2
784,0,3,0,26.0,1,2,23.45,0,0,1,5.8625,3,4
785,0,3,0,25.0,0,0,7.05,0,0,1,7.05,0,3
786,0,3,0,25.0,0,0,7.25,0,0,1,7.25,0,3
787,1,3,1,18.0,0,0,7.4958,0,0,1,7.4958,0,3
788,0,3,0,8.0,4,1,29.125,0,1,0,4.854166666666667,5,4
789,1,3,0,1.0,1,2,20.575,0,0,1,5.14375,3,4
790,0,1,0,46.0,0,0,79.2,1,0,0,79.2,0,1
791,0,3,0,26.0,0,0,7.75,0,1,0,7.75,0,3
792,0,2,0,16.0,0,0,26.0,0,0,1,26.0,0,2
793,0,3,1,18.0,8,2,69.55,0,0,1,6.322727272727272,10,3
794,0,1,0,40.0,0,0,30.6958,1,0,0,30.6958,0,0
795,0,3,0,25.0,0,0,7.8958,0,0,1,7.8958,0,3
796,0,2,0,39.0,0,0,13.0,0,0,1,13.0,0,2
797,1,1,1,49.0,0,0,25.9292,0,0,1,25.9292,0,2
798,1,3,1,31.0,0,0,8.6833,0,0,1,8.6833,0,2
799,0,3,0,30.0,0,0,7.2292,1,0,0,7.2292,0,3
800,0,3,1,30.0,1,1,24.15,0,0,1,8.049999999999999,2,3
801,0,2,0,34.0,0,0,13.0,0,0,1,13.0,0,2
802,1,2,1,31.0,1,1,26.25,0,0,1,8.75,2,3
803,1,1,0,11.0,1,2,120.0,0,0,1,30.0,3,1
804,1,3,0,0.42,0,1,8.5167,1,0,0,4.25835,1,4
805,1,3,0,27.0,0,0,6.975,0,0,1,6.975,0,3
806,0,3,0,31.0,0,0,7.775,0,0,1,7.775,0,3
807,0,1,0,39.0,0,0,0.0,0,0,1,0.0,0,0
808,0,3,1,18.0,0,0,7.775,0,0,1,7.775,0,3
809,0,2,0,39.0,0,0,13.0,0,0,1,13.0,0,2
810,1,1,1,33.0,1,0,53.1,0,0,1,26.55,1,2
811,0,3,0,26.0,0,0,7.8875,0,0,1,7.8875,0,3
812,0,3,0,39.0,0,0,24.15,0,0,1,24.15,0,3
813,0,2,0,35.0,0,0,10.5,0,0,1,10.5,0,2
814,0,3,1,6.0,4,2,31.275,0,0,1,4.4678571428571425,6,4
815,0,3,0,30.5,0,0,8.05,0,0,1,8.05,0,2
816,0,1,0,40.0,0,0,0.0,0,0,1,0.0,0,1
817,0,3,1,23.0,0,0,7.925,0,0,1,7.925,0,2
818,0,2,0,31.0,1,1,37.0042,1,0,0,12.334733333333332,2,2
819,0,3,0,43.0,0,0,6.45,0,0,1,6.45,0,3
820,0,3,0,10.0,3,2,27.9,0,0,1,4.6499999999999995,5,4
821,1,1,1,52.0,1,1,93.5,0,0,1,31.166666666666668,2,1
822,1,3,0,27.0,0,0,8.6625,0,0,1,8.6625,0,2
823,0,1,0,38.0,0,0,0.0,0,0,1,0.0,0,1
824,1,3,1,27.0,0,1,12.475,0,0,1,6.2375,1,2
825,0,3,0,2.0,4,1,39.6875,0,0,1,6.614583333333333,5,3
826,0,3,0,26.0,0,0,6.95,0,1,0,6.95,0,3
827,0,3,0,26.0,0,0,56.4958,0,0,1,56.4958,0,3
828,1,2,0,1.0,0,2,37.0042,1,0,0,12.334733333333332,2,2
829,1,3,0,26.0,0,0,7.75,0,1,0,7.75,0,3
830,1,1,1,62.0,0,0,80.0,0,0,1,80.0,0,1
831,1,3,1,15.0,1,0,14.4542,1,0,0,7.2271,1,2
832,1,2,0,0.83,1,1,18.75,0,0,1,6.25,2,3
833,0,3,0,26.0,0,0,7.2292,1,0,0,7.2292,0,3
834,0,3,0,23.0,0,0,7.8542,0,0,1,7.8542,0,3
835,0,3,0,18.0,0,0,8.3,0,0,1,8.3,0,2
836,1,1,1,39.0,1,1,83.1583,1,0,0,27.71943333333333,2,2
837,0,3,0,21.0,0,0,8.6625,0,0,1,8.6625,0,2
838,0,3,0,26.0,0,0,8.05,0,0,1,8.05,0,2
839,1,3,0,32.0,0,0,56.4958,0,0,1,56.4958,0,3
840,1,1,0,40.0,0,0,29.7,1,0,0,29.7,0,1
841,0,3,0,20.0,0,0,7.925,0,0,1,7.925,0,2
842,0,2,0,16.0,0,0,10.5,0,0,1,10.5,0,2
843,1,1,1,30.0,0,0,31.0,1,0,0,31.0,0,1
844,0,3,0,34.5,0,0,6.4375,1,0,0,6.4375,0,3
845,0,3,0,17.0,0,0,8.6625,0,0,1,8.6625,0,2
846,0,3,0,42.0,0,0,7.55,0,0,1,7.55,0,3
847,0,3,0,26.0,8,2,69.55,0,0,1,6.322727272727272,10,3
848,0,3,0,35.0,0,0,7.8958,1,0,0,7.8958,0,3
849,0,2,0,28.0,0,1,33.0,0,0,1,16.5,1,2
850,1,1,1,41.5,1,0,89.1042,1,0,0,44.5521,1,1
851,0,3,0,4.0,4,2,31.275,0,0,1,4.4678571428571425,6,4
852,0,3,0,74.0,0,0,7.775,0,0,1,7.775,0,3
853,0,3,1,9.0,1,1,15.2458,1,0,0,5.081933333333333,2,4
854,1,1,1,16.0,0,1,39.4,0,0,1,19.7,1,2
855,0,2,1,44.0,1,0,26.0,0,0,1,13.0,1,2
856,1,3,1,18.0,0,1,9.35,0,0,1,4.675,1,4
857,1,1,1,45.0,1,1,164.8667,0,0,1,54.95556666666667,2,1
858,1,1,0,51.0,0,0,26.55,0,0,1,26.55,0,2
859,1,3,1,24.0,0,3,19.2583,1,0,0,4.814575,3,4
860,0,3,0,26.0,0,0,7.2292,1,0,0,7.2292,0,3
861,0,3,0,41.0,2,0,14.1083,0,0,1,4.702766666666666,2,4
862,0,2,0,21.0,1,0,11.5,0,0,1,5.75,1,3
863,1,1,1,48.0,0,0,25.9292,0,0,1,25.9292,0,2
864,0,3,1,18.0,8,2,69.55,0,0,1,6.322727272727272,10,3
865,0,2,0,24.0,0,0,13.0,0,0,1,13.0,0,2
866,1,2,1,42.0,0,0,13.0,0,0,1,13.0,0,2
867,1,2,1,27.0,1,0,13.8583,1,0,0,6.92915,1,3
868,0,1,0,31.0,0,0,50.4958,0,0,1,50.4958,0,0
869,0,3,0,26.0,0,0,9.5,0,0,1,9.5,0,2
870,1,3,0,4.0,1,1,11.1333,0,0,1,3.7111,2,4
871,0,3,0,26.0,0,0,7.8958,0,0,1,7.8958,0,3
872,1,1,1,47.0,1,1,52.5542,0,0,1,17.518066666666666,2,2
873,0,1,0,33.0,0,0,5.0,0,0,1,5.0,0,1
874,0,3,0,47.0,0,0,9.0,0,0,1,9.0,0,2
875,1,2,1,28.0,1,0,24.0,1,0,0,12.0,1,2
876,1,3,1,15.0,0,0,7.225,1,0,0,7.225,0,3
877,0,3,0,20.0,0,0,9.8458,0,0,1,9.8458,0,2
878,0,3,0,19.0,0,0,7.8958,0,0,1,7.8958,0,3
879,0,3,0,26.0,0,0,7.8958,0,0,1,7.8958,0,3
880,1,1,1,56.0,0,1,83.1583,1,0,0,41.57915,1,1
881,1,2,1,25.0,0,1,26.0,0,0,1,13.0,1,2
882,0,3,0,33.0,0,0,7.8958,0,0,1,7.8958,0,3
883,0,3,1,22.0,0,0,10.5167,0,0,1,10.5167,0,2
884,0,2,0,28.0,0,0,10.5,0,0,1,10.5,0,2
885,0,3,0,25.0,0,0,7.05,0,0,1,7.05,0,3
886,0,3,1,39.0,0,5,29.125,0,1,0,4.854166666666667,5,4
887,0,2,0,27.0,0,0,13.0,0,0,1,13.0,0,2
888,1,1,1,19.0,0,0,30.0,0,0,1,30.0,0,1
889,0,3,1,18.0,1,2,23.45,0,0,1,5.8625,3,4
890,1,1,0,26.0,0,0,30.0,1,0,0,30.0,0,1
891,0,3,0,32.0,0,0,7.75,0,1,0,7.75,0,3
